<?xml version="1.0" encoding="UTF-8"?>
<GenRun Id="impl_1" LaunchPart="xc7s25csga225-1" LaunchTime="1623849119">
  <File Type="BITSTR-BMM" Name="Piezo_Board_bd.bmm"/>
  <File Type="OPT-METHODOLOGY-DRC" Name="Piezo_Board_methodology_drc_opted.rpt"/>
  <File Type="INIT-TIMING" Name="Piezo_Board_timing_summary_init.rpt"/>
  <File Type="ROUTE-PWR" Name="Piezo_Board_power_routed.rpt"/>
  <File Type="PA-TCL" Name="Piezo_Board.tcl"/>
  <File Type="OPT-TIMING" Name="Piezo_Board_timing_summary_opted.rpt"/>
  <File Type="OPT-DCP" Name="Piezo_Board_opt.dcp"/>
  <File Type="ROUTE-PWR-SUM" Name="Piezo_Board_power_summary_routed.pb"/>
  <File Type="REPORTS-TCL" Name="Piezo_Board_reports.tcl"/>
  <File Type="OPT-DRC" Name="Piezo_Board_drc_opted.rpt"/>
  <File Type="OPT-HWDEF" Name="Piezo_Board.hwdef"/>
  <File Type="PWROPT-DCP" Name="Piezo_Board_pwropt.dcp"/>
  <File Type="PWROPT-DRC" Name="Piezo_Board_drc_pwropted.rpt"/>
  <File Type="PWROPT-TIMING" Name="Piezo_Board_timing_summary_pwropted.rpt"/>
  <File Type="PLACE-DCP" Name="Piezo_Board_placed.dcp"/>
  <File Type="PLACE-IO" Name="Piezo_Board_io_placed.rpt"/>
  <File Type="PLACE-CLK" Name="Piezo_Board_clock_utilization_placed.rpt"/>
  <File Type="PLACE-UTIL" Name="Piezo_Board_utilization_placed.rpt"/>
  <File Type="PLACE-UTIL-PB" Name="Piezo_Board_utilization_placed.pb"/>
  <File Type="PLACE-CTRL" Name="Piezo_Board_control_sets_placed.rpt"/>
  <File Type="PLACE-SIMILARITY" Name="Piezo_Board_incremental_reuse_placed.rpt"/>
  <File Type="PLACE-PRE-SIMILARITY" Name="Piezo_Board_incremental_reuse_pre_placed.rpt"/>
  <File Type="PLACE-TIMING" Name="Piezo_Board_timing_summary_placed.rpt"/>
  <File Type="POSTPLACE-PWROPT-DCP" Name="Piezo_Board_postplace_pwropt.dcp"/>
  <File Type="BG-BIN" Name="Piezo_Board.bin"/>
  <File Type="POSTPLACE-PWROPT-TIMING" Name="Piezo_Board_timing_summary_postplace_pwropted.rpt"/>
  <File Type="PHYSOPT-DCP" Name="Piezo_Board_physopt.dcp"/>
  <File Type="PHYSOPT-DRC" Name="Piezo_Board_drc_physopted.rpt"/>
  <File Type="BITSTR-MSK" Name="Piezo_Board.msk"/>
  <File Type="PHYSOPT-TIMING" Name="Piezo_Board_timing_summary_physopted.rpt"/>
  <File Type="ROUTE-ERROR-DCP" Name="Piezo_Board_routed_error.dcp"/>
  <File Type="ROUTE-DCP" Name="Piezo_Board_routed.dcp"/>
  <File Type="ROUTE-BLACKBOX-DCP" Name="Piezo_Board_routed_bb.dcp"/>
  <File Type="ROUTE-DRC" Name="Piezo_Board_drc_routed.rpt"/>
  <File Type="ROUTE-DRC-PB" Name="Piezo_Board_drc_routed.pb"/>
  <File Type="ROUTE-DRC-RPX" Name="Piezo_Board_drc_routed.rpx"/>
  <File Type="BITSTR-MMI" Name="Piezo_Board.mmi"/>
  <File Type="ROUTE-METHODOLOGY-DRC" Name="Piezo_Board_methodology_drc_routed.rpt"/>
  <File Type="ROUTE-METHODOLOGY-DRC-RPX" Name="Piezo_Board_methodology_drc_routed.rpx"/>
  <File Type="ROUTE-METHODOLOGY-DRC-PB" Name="Piezo_Board_methodology_drc_routed.pb"/>
  <File Type="ROUTE-PWR-RPX" Name="Piezo_Board_power_routed.rpx"/>
  <File Type="ROUTE-STATUS" Name="Piezo_Board_route_status.rpt"/>
  <File Type="ROUTE-STATUS-PB" Name="Piezo_Board_route_status.pb"/>
  <File Type="ROUTE-TIMINGSUMMARY" Name="Piezo_Board_timing_summary_routed.rpt"/>
  <File Type="ROUTE-TIMING-PB" Name="Piezo_Board_timing_summary_routed.pb"/>
  <File Type="ROUTE-TIMING-RPX" Name="Piezo_Board_timing_summary_routed.rpx"/>
  <File Type="ROUTE-SIMILARITY" Name="Piezo_Board_incremental_reuse_routed.rpt"/>
  <File Type="ROUTE-CLK" Name="Piezo_Board_clock_utilization_routed.rpt"/>
  <File Type="ROUTE-BUS-SKEW" Name="Piezo_Board_bus_skew_routed.rpt"/>
  <File Type="ROUTE-BUS-SKEW-PB" Name="Piezo_Board_bus_skew_routed.pb"/>
  <File Type="ROUTE-BUS-SKEW-RPX" Name="Piezo_Board_bus_skew_routed.rpx"/>
  <File Type="POSTROUTE-PHYSOPT-DCP" Name="Piezo_Board_postroute_physopt.dcp"/>
  <File Type="POSTROUTE-PHYSOPT-BLACKBOX-DCP" Name="Piezo_Board_postroute_physopt_bb.dcp"/>
  <File Type="POSTROUTE-PHYSOPT-TIMING" Name="Piezo_Board_timing_summary_postroute_physopted.rpt"/>
  <File Type="POSTROUTE-PHYSOPT-TIMING-PB" Name="Piezo_Board_timing_summary_postroute_physopted.pb"/>
  <File Type="POSTROUTE-PHYSOPT-TIMING-RPX" Name="Piezo_Board_timing_summary_postroute_physopted.rpx"/>
  <File Type="POSTROUTE-PHYSOPT-BUS-SKEW" Name="Piezo_Board_bus_skew_postroute_physopted.rpt"/>
  <File Type="POSTROUTE-PHYSOPT-BUS-SKEW-PB" Name="Piezo_Board_bus_skew_postroute_physopted.pb"/>
  <File Type="BG-BIT" Name="Piezo_Board.bit"/>
  <File Type="POSTROUTE-PHYSOPT-BUS-SKEW-RPX" Name="Piezo_Board_bus_skew_postroute_physopted.rpx"/>
  <File Type="BITSTR-RBT" Name="Piezo_Board.rbt"/>
  <File Type="BITSTR-NKY" Name="Piezo_Board.nky"/>
  <File Type="PDI-FILE" Name="Piezo_Board.pdi"/>
  <File Type="RCFI_FILE" Name="Piezo_Board.rcfi"/>
  <File Type="CFI_FILE" Name="Piezo_Board.cfi"/>
  <File Type="RNPI_FILE" Name="Piezo_Board.rnpi"/>
  <File Type="NPI_FILE" Name="Piezo_Board.npi"/>
  <File Type="RBD_FILE" Name="Piezo_Board.rbd"/>
  <File Type="BITSTR-LTX" Name="debug_nets.ltx"/>
  <File Type="BITSTR-LTX" Name="Piezo_Board.ltx"/>
  <File Type="BITSTR-SYSDEF" Name="Piezo_Board.sysdef"/>
  <File Type="BG-BGN" Name="Piezo_Board.bgn"/>
  <File Type="BG-DRC" Name="Piezo_Board.drc"/>
  <File Type="RDI-RDI" Name="Piezo_Board.vdi"/>
  <File Type="WBT-USG" Name="usage_statistics_webtalk.html"/>
  <FileSet Name="sources" Type="DesignSrcs" RelSrcDir="$PSRCDIR/sources_1" RelGenDir="$PGENDIR/sources_1">
    <Filter Type="Srcs"/>
    <File Path="$PSRCDIR/sources_1/new/Piezo_Board.v">
      <FileInfo>
        <Attr Name="UsedIn" Val="synthesis"/>
        <Attr Name="UsedIn" Val="implementation"/>
        <Attr Name="UsedIn" Val="simulation"/>
      </FileInfo>
    </File>
    <Config>
      <Option Name="DesignMode" Val="RTL"/>
      <Option Name="TopModule" Val="Piezo_Board"/>
      <Option Name="TopAutoSet" Val="TRUE"/>
    </Config>
  </FileSet>
  <FileSet Name="constrs_in" Type="Constrs" RelSrcDir="$PSRCDIR/constrs_1">
    <Filter Type="Constrs"/>
    <File Path="$PSRCDIR/constrs_1/imports/digilent-xdc-master/Cmod-S7-25-Master.xdc">
      <FileInfo>
        <Attr Name="ImportPath" Val="$PPRDIR/../Documents/Vivado/digilent-xdc-master/digilent-xdc-master/Cmod-S7-25-Master.xdc"/>
        <Attr Name="ImportTime" Val="1622100046"/>
        <Attr Name="UsedIn" Val="synthesis"/>
        <Attr Name="UsedIn" Val="implementation"/>
      </FileInfo>
    </File>
    <Config>
      <Option Name="TargetConstrsFile" Val="$PSRCDIR/constrs_1/imports/digilent-xdc-master/Cmod-S7-25-Master.xdc"/>
      <Option Name="ConstrsType" Val="XDC"/>
    </Config>
  </FileSet>
  <FileSet Name="utils" Type="Utils" RelSrcDir="$PSRCDIR/utils_1">
    <Filter Type="Utils"/>
    <Config>
      <Option Name="TopAutoSet" Val="TRUE"/>
    </Config>
  </FileSet>
  <Strategy Version="1" Minor="2">
    <StratHandle Name="Vivado Implementation Defaults" Flow="Vivado Implementation 2020"/>
    <Step Id="init_design"/>
    <Step Id="opt_design"/>
    <Step Id="power_opt_design"/>
    <Step Id="place_design"/>
    <Step Id="post_place_power_opt_design"/>
    <Step Id="phys_opt_design"/>
    <Step Id="route_design"/>
    <Step Id="post_route_phys_opt_design"/>
    <Step Id="write_bitstream"/>
  </Strategy>
</GenRun>
