<?xml version="1.0" encoding="UTF-8"?>
<GenRun Id="synth_1" LaunchPart="xc7s25csga225-1" LaunchTime="1623849049">
  <File Type="PA-TCL" Name="Piezo_Board.tcl"/>
  <File Type="RDS-PROPCONSTRS" Name="Piezo_Board_drc_synth.rpt"/>
  <File Type="REPORTS-TCL" Name="Piezo_Board_reports.tcl"/>
  <File Type="RDS-RDS" Name="Piezo_Board.vds"/>
  <File Type="RDS-UTIL" Name="Piezo_Board_utilization_synth.rpt"/>
  <File Type="RDS-UTIL-PB" Name="Piezo_Board_utilization_synth.pb"/>
  <File Type="RDS-DCP" Name="Piezo_Board.dcp"/>
  <File Type="VDS-TIMINGSUMMARY" Name="Piezo_Board_timing_summary_synth.rpt"/>
  <File Type="VDS-TIMING-PB" Name="Piezo_Board_timing_summary_synth.pb"/>
  <FileSet Name="sources" Type="DesignSrcs" RelSrcDir="$PSRCDIR/sources_1" RelGenDir="$PGENDIR/sources_1">
    <Filter Type="Srcs"/>
    <File Path="$PSRCDIR/sources_1/new/Piezo_Board.v">
      <FileInfo>
        <Attr Name="UsedIn" Val="synthesis"/>
        <Attr Name="UsedIn" Val="implementation"/>
        <Attr Name="UsedIn" Val="simulation"/>
      </FileInfo>
    </File>
    <Config>
      <Option Name="DesignMode" Val="RTL"/>
      <Option Name="TopModule" Val="Piezo_Board"/>
      <Option Name="TopAutoSet" Val="TRUE"/>
    </Config>
  </FileSet>
  <FileSet Name="constrs_in" Type="Constrs" RelSrcDir="$PSRCDIR/constrs_1">
    <Filter Type="Constrs"/>
    <File Path="$PSRCDIR/constrs_1/imports/digilent-xdc-master/Cmod-S7-25-Master.xdc">
      <FileInfo>
        <Attr Name="ImportPath" Val="$PPRDIR/../Documents/Vivado/digilent-xdc-master/digilent-xdc-master/Cmod-S7-25-Master.xdc"/>
        <Attr Name="ImportTime" Val="1622100046"/>
        <Attr Name="UsedIn" Val="synthesis"/>
        <Attr Name="UsedIn" Val="implementation"/>
      </FileInfo>
    </File>
    <Config>
      <Option Name="TargetConstrsFile" Val="$PSRCDIR/constrs_1/imports/digilent-xdc-master/Cmod-S7-25-Master.xdc"/>
      <Option Name="ConstrsType" Val="XDC"/>
    </Config>
  </FileSet>
  <FileSet Name="utils" Type="Utils" RelSrcDir="$PSRCDIR/utils_1">
    <Filter Type="Utils"/>
    <Config>
      <Option Name="TopAutoSet" Val="TRUE"/>
    </Config>
  </FileSet>
  <Strategy Version="1" Minor="2">
    <StratHandle Name="Vivado Synthesis Defaults" Flow="Vivado Synthesis 2020"/>
    <Step Id="synth_design"/>
  </Strategy>
</GenRun>
