<?xml version="1.0" encoding="UTF-8" ?>
<webTalkData  fileName='usage_statistics_webtalk.xml'  majorVersion='1' minorVersion='0' timeStamp='Mon Aug  9 10:03:33 2021'>
<section name="__ROOT__" level="0" order="1" description="">
 <section name="software_version_and_target_device" level="1" order="1" description="">
  <keyValuePair key="beta" value="FALSE" description="" />
  <keyValuePair key="build_version" value="3064766" description="" />
  <keyValuePair key="date_generated" value="Mon Aug  9 10:03:33 2021" description="" />
  <keyValuePair key="os_platform" value="WIN64" description="" />
  <keyValuePair key="product_version" value="Vivado v2020.2 (64-bit)" description="" />
  <keyValuePair key="project_id" value="37a69ba17b144db5a36c7594fdf9a971" description="" />
  <keyValuePair key="project_iteration" value="46" description="" />
  <keyValuePair key="random_id" value="3deceefcfe985826ba764ad3a9795ef8" description="" />
  <keyValuePair key="registration_id" value="3deceefcfe985826ba764ad3a9795ef8" description="" />
  <keyValuePair key="route_design" value="TRUE" description="" />
  <keyValuePair key="target_device" value="xc7s25" description="" />
  <keyValuePair key="target_family" value="spartan7" description="" />
  <keyValuePair key="target_package" value="csga225" description="" />
  <keyValuePair key="target_speed" value="-1" description="" />
  <keyValuePair key="tool_flow" value="Vivado" description="" />
 </section>
 <section name="user_environment" level="1" order="2" description="">
  <keyValuePair key="cpu_name" value="Intel(R) Core(TM) i7 CPU         930  @ 2.80GHz" description="" />
  <keyValuePair key="cpu_speed" value="1806 MHz" description="" />
  <keyValuePair key="os_name" value="Windows Server 2016 or Windows 10" description="" />
  <keyValuePair key="os_release" value="major release  (build 9200)" description="" />
  <keyValuePair key="system_ram" value="17.000 GB" description="" />
  <keyValuePair key="total_processors" value="1" description="" />
 </section>
 <section name="ip_statistics" level="1" order="3" description="">
  <section name="IP_Integrator/1" level="2" order="1" description="">
   <keyValuePair key="bdsource" value="USER" description="" />
   <keyValuePair key="core_container" value="NA" description="" />
   <keyValuePair key="da_board_cnt" value="2" description="" />
   <keyValuePair key="iptotal" value="1" description="" />
   <keyValuePair key="maxhierdepth" value="0" description="" />
   <keyValuePair key="numblks" value="1" description="" />
   <keyValuePair key="numhdlrefblks" value="0" description="" />
   <keyValuePair key="numhierblks" value="0" description="" />
   <keyValuePair key="numhlsblks" value="0" description="" />
   <keyValuePair key="numnonxlnxblks" value="0" description="" />
   <keyValuePair key="numpkgbdblks" value="0" description="" />
   <keyValuePair key="numreposblks" value="1" description="" />
   <keyValuePair key="numsysgenblks" value="0" description="" />
   <keyValuePair key="synth_mode" value="OOC_per_IP" description="" />
   <keyValuePair key="x_iplanguage" value="VERILOG" description="" />
   <keyValuePair key="x_iplibrary" value="BlockDiagram" description="" />
   <keyValuePair key="x_ipname" value="Clock_Config" description="" />
   <keyValuePair key="x_ipvendor" value="xilinx.com" description="" />
   <keyValuePair key="x_ipversion" value="1.00.a" description="" />
  </section>
  <section name="clk_wiz_v6_0_6_0_0/1" level="2" order="2" description="">
   <keyValuePair key="clkin1_period" value="83.333" description="" />
   <keyValuePair key="clkin2_period" value="10.0" description="" />
   <keyValuePair key="clock_mgr_type" value="NA" description="" />
   <keyValuePair key="component_name" value="Clock_Config_clk_wiz_0_0" description="" />
   <keyValuePair key="core_container" value="NA" description="" />
   <keyValuePair key="enable_axi" value="0" description="" />
   <keyValuePair key="feedback_source" value="FDBK_AUTO" description="" />
   <keyValuePair key="feedback_type" value="SINGLE" description="" />
   <keyValuePair key="iptotal" value="1" description="" />
   <keyValuePair key="manual_override" value="false" description="" />
   <keyValuePair key="num_out_clk" value="2" description="" />
   <keyValuePair key="primitive" value="MMCM" description="" />
   <keyValuePair key="use_dyn_phase_shift" value="false" description="" />
   <keyValuePair key="use_dyn_reconfig" value="false" description="" />
   <keyValuePair key="use_inclk_stopped" value="false" description="" />
   <keyValuePair key="use_inclk_switchover" value="false" description="" />
   <keyValuePair key="use_locked" value="true" description="" />
   <keyValuePair key="use_max_i_jitter" value="false" description="" />
   <keyValuePair key="use_min_o_jitter" value="false" description="" />
   <keyValuePair key="use_phase_alignment" value="true" description="" />
   <keyValuePair key="use_power_down" value="false" description="" />
   <keyValuePair key="use_reset" value="true" description="" />
  </section>
 </section>
 <section name="phys_opt_design_post_place" level="1" order="4" description="">
  <section name="command_line_options" level="2" order="1" description="">
   <keyValuePair key="-aggressive_hold_fix" value="default::[not_specified]" description="" />
   <keyValuePair key="-bram_register_opt" value="default::[not_specified]" description="" />
   <keyValuePair key="-clock_opt" value="default::[not_specified]" description="" />
   <keyValuePair key="-critical_cell_opt" value="default::[not_specified]" description="" />
   <keyValuePair key="-critical_pin_opt" value="default::[not_specified]" description="" />
   <keyValuePair key="-directive" value="default::[not_specified]" description="" />
   <keyValuePair key="-dsp_register_opt" value="default::[not_specified]" description="" />
   <keyValuePair key="-effort_level" value="default::[not_specified]" description="" />
   <keyValuePair key="-fanout_opt" value="default::[not_specified]" description="" />
   <keyValuePair key="-hold_fix" value="default::[not_specified]" description="" />
   <keyValuePair key="-insert_negative_edge_ffs" value="default::[not_specified]" description="" />
   <keyValuePair key="-multi_clock_opt" value="default::[not_specified]" description="" />
   <keyValuePair key="-placement_opt" value="default::[not_specified]" description="" />
   <keyValuePair key="-restruct_opt" value="default::[not_specified]" description="" />
   <keyValuePair key="-retime" value="default::[not_specified]" description="" />
   <keyValuePair key="-rewire" value="default::[not_specified]" description="" />
   <keyValuePair key="-shift_register_opt" value="default::[not_specified]" description="" />
   <keyValuePair key="-uram_register_opt" value="default::[not_specified]" description="" />
   <keyValuePair key="-verbose" value="default::[not_specified]" description="" />
   <keyValuePair key="-vhfn" value="default::[not_specified]" description="" />
  </section>
 </section>
 <section name="report_drc" level="1" order="5" description="">
  <section name="command_line_options" level="2" order="1" description="">
   <keyValuePair key="-append" value="default::[not_specified]" description="" />
   <keyValuePair key="-checks" value="default::[not_specified]" description="" />
   <keyValuePair key="-fail_on" value="default::[not_specified]" description="" />
   <keyValuePair key="-force" value="default::[not_specified]" description="" />
   <keyValuePair key="-format" value="default::[not_specified]" description="" />
   <keyValuePair key="-internal" value="default::[not_specified]" description="" />
   <keyValuePair key="-internal_only" value="default::[not_specified]" description="" />
   <keyValuePair key="-max_msgs_per_check" value="default::[not_specified]" description="" />
   <keyValuePair key="-messages" value="default::[not_specified]" description="" />
   <keyValuePair key="-name" value="default::[not_specified]" description="" />
   <keyValuePair key="-no_waivers" value="default::[not_specified]" description="" />
   <keyValuePair key="-return_string" value="default::[not_specified]" description="" />
   <keyValuePair key="-ruledecks" value="default::[not_specified]" description="" />
   <keyValuePair key="-upgrade_cw" value="default::[not_specified]" description="" />
   <keyValuePair key="-waived" value="default::[not_specified]" description="" />
  </section>
  <section name="results" level="2" order="2" description="">
   <keyValuePair key="cfgbvs-1" value="1" description="" />
   <keyValuePair key="dpip-1" value="3" description="" />
  </section>
 </section>
 <section name="report_utilization" level="1" order="6" description="">
  <section name="clocking" level="2" order="1" description="">
   <keyValuePair key="bufgctrl_available" value="32" description="" />
   <keyValuePair key="bufgctrl_fixed" value="0" description="" />
   <keyValuePair key="bufgctrl_used" value="3" description="" />
   <keyValuePair key="bufgctrl_util_percentage" value="9.38" description="" />
   <keyValuePair key="bufhce_available" value="48" description="" />
   <keyValuePair key="bufhce_fixed" value="0" description="" />
   <keyValuePair key="bufhce_used" value="0" description="" />
   <keyValuePair key="bufhce_util_percentage" value="0.00" description="" />
   <keyValuePair key="bufio_available" value="12" description="" />
   <keyValuePair key="bufio_fixed" value="0" description="" />
   <keyValuePair key="bufio_used" value="0" description="" />
   <keyValuePair key="bufio_util_percentage" value="0.00" description="" />
   <keyValuePair key="bufmrce_available" value="6" description="" />
   <keyValuePair key="bufmrce_fixed" value="0" description="" />
   <keyValuePair key="bufmrce_used" value="0" description="" />
   <keyValuePair key="bufmrce_util_percentage" value="0.00" description="" />
   <keyValuePair key="bufr_available" value="12" description="" />
   <keyValuePair key="bufr_fixed" value="0" description="" />
   <keyValuePair key="bufr_used" value="0" description="" />
   <keyValuePair key="bufr_util_percentage" value="0.00" description="" />
   <keyValuePair key="mmcme2_adv_available" value="3" description="" />
   <keyValuePair key="mmcme2_adv_fixed" value="0" description="" />
   <keyValuePair key="mmcme2_adv_used" value="1" description="" />
   <keyValuePair key="mmcme2_adv_util_percentage" value="33.33" description="" />
   <keyValuePair key="plle2_adv_available" value="3" description="" />
   <keyValuePair key="plle2_adv_fixed" value="0" description="" />
   <keyValuePair key="plle2_adv_used" value="0" description="" />
   <keyValuePair key="plle2_adv_util_percentage" value="0.00" description="" />
  </section>
  <section name="dsp" level="2" order="2" description="">
   <keyValuePair key="dsp48e1_only_used" value="4" description="" />
   <keyValuePair key="dsps_available" value="80" description="" />
   <keyValuePair key="dsps_fixed" value="0" description="" />
   <keyValuePair key="dsps_used" value="4" description="" />
   <keyValuePair key="dsps_util_percentage" value="5.00" description="" />
  </section>
  <section name="io_standard" level="2" order="3" description="">
   <keyValuePair key="blvds_25" value="0" description="" />
   <keyValuePair key="diff_hstl_i" value="0" description="" />
   <keyValuePair key="diff_hstl_i_18" value="0" description="" />
   <keyValuePair key="diff_hstl_ii" value="0" description="" />
   <keyValuePair key="diff_hstl_ii_18" value="0" description="" />
   <keyValuePair key="diff_hsul_12" value="0" description="" />
   <keyValuePair key="diff_mobile_ddr" value="0" description="" />
   <keyValuePair key="diff_sstl135" value="0" description="" />
   <keyValuePair key="diff_sstl135_r" value="0" description="" />
   <keyValuePair key="diff_sstl15" value="0" description="" />
   <keyValuePair key="diff_sstl15_r" value="0" description="" />
   <keyValuePair key="diff_sstl18_i" value="0" description="" />
   <keyValuePair key="diff_sstl18_ii" value="0" description="" />
   <keyValuePair key="hstl_i" value="0" description="" />
   <keyValuePair key="hstl_i_18" value="0" description="" />
   <keyValuePair key="hstl_ii" value="0" description="" />
   <keyValuePair key="hstl_ii_18" value="0" description="" />
   <keyValuePair key="hsul_12" value="0" description="" />
   <keyValuePair key="lvcmos12" value="0" description="" />
   <keyValuePair key="lvcmos15" value="0" description="" />
   <keyValuePair key="lvcmos18" value="0" description="" />
   <keyValuePair key="lvcmos25" value="0" description="" />
   <keyValuePair key="lvcmos33" value="1" description="" />
   <keyValuePair key="lvds_25" value="0" description="" />
   <keyValuePair key="lvttl" value="0" description="" />
   <keyValuePair key="mini_lvds_25" value="0" description="" />
   <keyValuePair key="mobile_ddr" value="0" description="" />
   <keyValuePair key="pci33_3" value="0" description="" />
   <keyValuePair key="ppds_25" value="0" description="" />
   <keyValuePair key="rsds_25" value="0" description="" />
   <keyValuePair key="sstl135" value="0" description="" />
   <keyValuePair key="sstl135_r" value="0" description="" />
   <keyValuePair key="sstl15" value="0" description="" />
   <keyValuePair key="sstl15_r" value="0" description="" />
   <keyValuePair key="sstl18_i" value="0" description="" />
   <keyValuePair key="sstl18_ii" value="0" description="" />
   <keyValuePair key="tmds_33" value="0" description="" />
  </section>
  <section name="memory" level="2" order="4" description="">
   <keyValuePair key="block_ram_tile_available" value="45" description="" />
   <keyValuePair key="block_ram_tile_fixed" value="0" description="" />
   <keyValuePair key="block_ram_tile_used" value="0" description="" />
   <keyValuePair key="block_ram_tile_util_percentage" value="0.00" description="" />
   <keyValuePair key="ramb18_available" value="90" description="" />
   <keyValuePair key="ramb18_fixed" value="0" description="" />
   <keyValuePair key="ramb18_used" value="0" description="" />
   <keyValuePair key="ramb18_util_percentage" value="0.00" description="" />
   <keyValuePair key="ramb36_fifo_available" value="45" description="" />
   <keyValuePair key="ramb36_fifo_fixed" value="0" description="" />
   <keyValuePair key="ramb36_fifo_used" value="0" description="" />
   <keyValuePair key="ramb36_fifo_util_percentage" value="0.00" description="" />
  </section>
  <section name="primitives" level="2" order="5" description="">
   <keyValuePair key="bufg_functional_category" value="Clock" description="" />
   <keyValuePair key="bufg_used" value="3" description="" />
   <keyValuePair key="carry4_functional_category" value="CarryLogic" description="" />
   <keyValuePair key="carry4_used" value="71" description="" />
   <keyValuePair key="dsp48e1_functional_category" value="Block Arithmetic" description="" />
   <keyValuePair key="dsp48e1_used" value="4" description="" />
   <keyValuePair key="fdre_functional_category" value="Flop &amp; Latch" description="" />
   <keyValuePair key="fdre_used" value="642" description="" />
   <keyValuePair key="fdse_functional_category" value="Flop &amp; Latch" description="" />
   <keyValuePair key="fdse_used" value="2" description="" />
   <keyValuePair key="ibuf_functional_category" value="IO" description="" />
   <keyValuePair key="ibuf_used" value="6" description="" />
   <keyValuePair key="lut1_functional_category" value="LUT" description="" />
   <keyValuePair key="lut1_used" value="35" description="" />
   <keyValuePair key="lut2_functional_category" value="LUT" description="" />
   <keyValuePair key="lut2_used" value="74" description="" />
   <keyValuePair key="lut3_functional_category" value="LUT" description="" />
   <keyValuePair key="lut3_used" value="93" description="" />
   <keyValuePair key="lut4_functional_category" value="LUT" description="" />
   <keyValuePair key="lut4_used" value="91" description="" />
   <keyValuePair key="lut5_functional_category" value="LUT" description="" />
   <keyValuePair key="lut5_used" value="114" description="" />
   <keyValuePair key="lut6_functional_category" value="LUT" description="" />
   <keyValuePair key="lut6_used" value="99" description="" />
   <keyValuePair key="mmcme2_adv_functional_category" value="Clock" description="" />
   <keyValuePair key="mmcme2_adv_used" value="1" description="" />
   <keyValuePair key="obuf_functional_category" value="IO" description="" />
   <keyValuePair key="obuf_used" value="16" description="" />
  </section>
  <section name="slice_logic" level="2" order="6" description="">
   <keyValuePair key="f7_muxes_available" value="7300" description="" />
   <keyValuePair key="f7_muxes_fixed" value="0" description="" />
   <keyValuePair key="f7_muxes_used" value="0" description="" />
   <keyValuePair key="f7_muxes_util_percentage" value="0.00" description="" />
   <keyValuePair key="f8_muxes_available" value="3650" description="" />
   <keyValuePair key="f8_muxes_fixed" value="0" description="" />
   <keyValuePair key="f8_muxes_used" value="0" description="" />
   <keyValuePair key="f8_muxes_util_percentage" value="0.00" description="" />
   <keyValuePair key="lut_as_distributed_ram_fixed" value="0" description="" />
   <keyValuePair key="lut_as_distributed_ram_used" value="0" description="" />
   <keyValuePair key="lut_as_logic_available" value="14600" description="" />
   <keyValuePair key="lut_as_logic_available" value="14600" description="" />
   <keyValuePair key="lut_as_logic_fixed" value="0" description="" />
   <keyValuePair key="lut_as_logic_fixed" value="0" description="" />
   <keyValuePair key="lut_as_logic_used" value="432" description="" />
   <keyValuePair key="lut_as_logic_used" value="432" description="" />
   <keyValuePair key="lut_as_logic_util_percentage" value="2.96" description="" />
   <keyValuePair key="lut_as_logic_util_percentage" value="2.96" description="" />
   <keyValuePair key="lut_as_memory_available" value="5000" description="" />
   <keyValuePair key="lut_as_memory_available" value="5000" description="" />
   <keyValuePair key="lut_as_memory_fixed" value="0" description="" />
   <keyValuePair key="lut_as_memory_fixed" value="0" description="" />
   <keyValuePair key="lut_as_memory_used" value="0" description="" />
   <keyValuePair key="lut_as_memory_used" value="0" description="" />
   <keyValuePair key="lut_as_memory_util_percentage" value="0.00" description="" />
   <keyValuePair key="lut_as_memory_util_percentage" value="0.00" description="" />
   <keyValuePair key="lut_as_shift_register_fixed" value="0" description="" />
   <keyValuePair key="lut_as_shift_register_used" value="0" description="" />
   <keyValuePair key="lut_in_front_of_the_register_is_unused_fixed" value="0" description="" />
   <keyValuePair key="lut_in_front_of_the_register_is_unused_used" value="216" description="" />
   <keyValuePair key="lut_in_front_of_the_register_is_used_fixed" value="216" description="" />
   <keyValuePair key="lut_in_front_of_the_register_is_used_used" value="113" description="" />
   <keyValuePair key="register_as_flip_flop_available" value="29200" description="" />
   <keyValuePair key="register_as_flip_flop_fixed" value="0" description="" />
   <keyValuePair key="register_as_flip_flop_used" value="644" description="" />
   <keyValuePair key="register_as_flip_flop_util_percentage" value="2.21" description="" />
   <keyValuePair key="register_as_latch_available" value="29200" description="" />
   <keyValuePair key="register_as_latch_fixed" value="0" description="" />
   <keyValuePair key="register_as_latch_used" value="0" description="" />
   <keyValuePair key="register_as_latch_util_percentage" value="0.00" description="" />
   <keyValuePair key="register_driven_from_outside_the_slice_fixed" value="113" description="" />
   <keyValuePair key="register_driven_from_outside_the_slice_used" value="329" description="" />
   <keyValuePair key="register_driven_from_within_the_slice_fixed" value="329" description="" />
   <keyValuePair key="register_driven_from_within_the_slice_used" value="315" description="" />
   <keyValuePair key="slice_available" value="3650" description="" />
   <keyValuePair key="slice_fixed" value="0" description="" />
   <keyValuePair key="slice_luts_available" value="14600" description="" />
   <keyValuePair key="slice_luts_fixed" value="0" description="" />
   <keyValuePair key="slice_luts_used" value="432" description="" />
   <keyValuePair key="slice_luts_util_percentage" value="2.96" description="" />
   <keyValuePair key="slice_registers_available" value="29200" description="" />
   <keyValuePair key="slice_registers_available" value="29200" description="" />
   <keyValuePair key="slice_registers_fixed" value="0" description="" />
   <keyValuePair key="slice_registers_fixed" value="0" description="" />
   <keyValuePair key="slice_registers_used" value="644" description="" />
   <keyValuePair key="slice_registers_used" value="644" description="" />
   <keyValuePair key="slice_registers_util_percentage" value="2.21" description="" />
   <keyValuePair key="slice_registers_util_percentage" value="2.21" description="" />
   <keyValuePair key="slice_used" value="206" description="" />
   <keyValuePair key="slice_util_percentage" value="5.64" description="" />
   <keyValuePair key="slicel_fixed" value="0" description="" />
   <keyValuePair key="slicel_used" value="125" description="" />
   <keyValuePair key="slicem_fixed" value="0" description="" />
   <keyValuePair key="slicem_used" value="81" description="" />
   <keyValuePair key="unique_control_sets_available" value="3650" description="" />
   <keyValuePair key="unique_control_sets_fixed" value="3650" description="" />
   <keyValuePair key="unique_control_sets_used" value="39" description="" />
   <keyValuePair key="unique_control_sets_util_percentage" value="1.07" description="" />
   <keyValuePair key="using_o5_and_o6_fixed" value="1.07" description="" />
   <keyValuePair key="using_o5_and_o6_used" value="74" description="" />
   <keyValuePair key="using_o5_output_only_fixed" value="74" description="" />
   <keyValuePair key="using_o5_output_only_used" value="8" description="" />
   <keyValuePair key="using_o6_output_only_fixed" value="8" description="" />
   <keyValuePair key="using_o6_output_only_used" value="350" description="" />
  </section>
  <section name="specific_feature" level="2" order="7" description="">
   <keyValuePair key="bscane2_available" value="4" description="" />
   <keyValuePair key="bscane2_fixed" value="0" description="" />
   <keyValuePair key="bscane2_used" value="0" description="" />
   <keyValuePair key="bscane2_util_percentage" value="0.00" description="" />
   <keyValuePair key="capturee2_available" value="1" description="" />
   <keyValuePair key="capturee2_fixed" value="0" description="" />
   <keyValuePair key="capturee2_used" value="0" description="" />
   <keyValuePair key="capturee2_util_percentage" value="0.00" description="" />
   <keyValuePair key="dna_port_available" value="1" description="" />
   <keyValuePair key="dna_port_fixed" value="0" description="" />
   <keyValuePair key="dna_port_used" value="0" description="" />
   <keyValuePair key="dna_port_util_percentage" value="0.00" description="" />
   <keyValuePair key="efuse_usr_available" value="1" description="" />
   <keyValuePair key="efuse_usr_fixed" value="0" description="" />
   <keyValuePair key="efuse_usr_used" value="0" description="" />
   <keyValuePair key="efuse_usr_util_percentage" value="0.00" description="" />
   <keyValuePair key="frame_ecce2_available" value="1" description="" />
   <keyValuePair key="frame_ecce2_fixed" value="0" description="" />
   <keyValuePair key="frame_ecce2_used" value="0" description="" />
   <keyValuePair key="frame_ecce2_util_percentage" value="0.00" description="" />
   <keyValuePair key="icape2_available" value="2" description="" />
   <keyValuePair key="icape2_fixed" value="0" description="" />
   <keyValuePair key="icape2_used" value="0" description="" />
   <keyValuePair key="icape2_util_percentage" value="0.00" description="" />
   <keyValuePair key="startupe2_available" value="1" description="" />
   <keyValuePair key="startupe2_fixed" value="0" description="" />
   <keyValuePair key="startupe2_used" value="0" description="" />
   <keyValuePair key="startupe2_util_percentage" value="0.00" description="" />
   <keyValuePair key="xadc_available" value="1" description="" />
   <keyValuePair key="xadc_fixed" value="0" description="" />
   <keyValuePair key="xadc_used" value="0" description="" />
   <keyValuePair key="xadc_util_percentage" value="0.00" description="" />
  </section>
 </section>
 <section name="synthesis" level="1" order="7" description="">
  <section name="command_line_options" level="2" order="1" description="">
   <keyValuePair key="-assert" value="default::[not_specified]" description="" />
   <keyValuePair key="-bufg" value="default::12" description="" />
   <keyValuePair key="-cascade_dsp" value="default::auto" description="" />
   <keyValuePair key="-constrset" value="default::[not_specified]" description="" />
   <keyValuePair key="-control_set_opt_threshold" value="default::auto" description="" />
   <keyValuePair key="-debug_log" value="default::[not_specified]" description="" />
   <keyValuePair key="-directive" value="default::default" description="" />
   <keyValuePair key="-fanout_limit" value="default::10000" description="" />
   <keyValuePair key="-flatten_hierarchy" value="default::rebuilt" description="" />
   <keyValuePair key="-fsm_extraction" value="default::auto" description="" />
   <keyValuePair key="-gated_clock_conversion" value="default::off" description="" />
   <keyValuePair key="-generic" value="default::[not_specified]" description="" />
   <keyValuePair key="-include_dirs" value="default::[not_specified]" description="" />
   <keyValuePair key="-keep_equivalent_registers" value="default::[not_specified]" description="" />
   <keyValuePair key="-lint" value="default::[not_specified]" description="" />
   <keyValuePair key="-max_bram" value="default::-1" description="" />
   <keyValuePair key="-max_bram_cascade_height" value="default::-1" description="" />
   <keyValuePair key="-max_dsp" value="default::-1" description="" />
   <keyValuePair key="-max_uram" value="default::-1" description="" />
   <keyValuePair key="-max_uram_cascade_height" value="default::-1" description="" />
   <keyValuePair key="-mode" value="default::default" description="" />
   <keyValuePair key="-name" value="default::[not_specified]" description="" />
   <keyValuePair key="-no_lc" value="default::[not_specified]" description="" />
   <keyValuePair key="-no_srlextract" value="default::[not_specified]" description="" />
   <keyValuePair key="-no_timing_driven" value="default::[not_specified]" description="" />
   <keyValuePair key="-os" value="default::[not_specified]" description="" />
   <keyValuePair key="-part" value="xc7s25csga225-1" description="" />
   <keyValuePair key="-resource_sharing" value="default::auto" description="" />
   <keyValuePair key="-retiming" value="default::[not_specified]" description="" />
   <keyValuePair key="-rtl" value="default::[not_specified]" description="" />
   <keyValuePair key="-rtl_skip_constraints" value="default::[not_specified]" description="" />
   <keyValuePair key="-rtl_skip_ip" value="default::[not_specified]" description="" />
   <keyValuePair key="-seu_protect" value="default::none" description="" />
   <keyValuePair key="-sfcu" value="default::[not_specified]" description="" />
   <keyValuePair key="-shreg_min_size" value="default::3" description="" />
   <keyValuePair key="-top" value="Main" description="" />
   <keyValuePair key="-verilog_define" value="default::[not_specified]" description="" />
  </section>
  <section name="usage" level="2" order="2" description="">
   <keyValuePair key="elapsed" value="00:01:59s" description="" />
   <keyValuePair key="hls_ip" value="0" description="" />
   <keyValuePair key="memory_gain" value="111.277MB" description="" />
   <keyValuePair key="memory_peak" value="1117.512MB" description="" />
  </section>
 </section>
 <section name="unisim_transformation" level="1" order="8" description="">
  <section name="post_unisim_transformation" level="2" order="1" description="">
   <keyValuePair key="bufg" value="3" description="" />
   <keyValuePair key="carry4" value="71" description="" />
   <keyValuePair key="dsp48e1" value="4" description="" />
   <keyValuePair key="fdre" value="642" description="" />
   <keyValuePair key="fdse" value="2" description="" />
   <keyValuePair key="gnd" value="16" description="" />
   <keyValuePair key="ibuf" value="6" description="" />
   <keyValuePair key="lut1" value="36" description="" />
   <keyValuePair key="lut2" value="74" description="" />
   <keyValuePair key="lut3" value="93" description="" />
   <keyValuePair key="lut4" value="91" description="" />
   <keyValuePair key="lut5" value="114" description="" />
   <keyValuePair key="lut6" value="99" description="" />
   <keyValuePair key="mmcme2_adv" value="1" description="" />
   <keyValuePair key="obuf" value="16" description="" />
   <keyValuePair key="vcc" value="15" description="" />
  </section>
  <section name="pre_unisim_transformation" level="2" order="2" description="">
   <keyValuePair key="bufg" value="3" description="" />
   <keyValuePair key="carry4" value="71" description="" />
   <keyValuePair key="dsp48e1" value="4" description="" />
   <keyValuePair key="fdre" value="642" description="" />
   <keyValuePair key="fdse" value="2" description="" />
   <keyValuePair key="gnd" value="16" description="" />
   <keyValuePair key="ibuf" value="7" description="" />
   <keyValuePair key="lut1" value="36" description="" />
   <keyValuePair key="lut2" value="74" description="" />
   <keyValuePair key="lut3" value="93" description="" />
   <keyValuePair key="lut4" value="91" description="" />
   <keyValuePair key="lut5" value="114" description="" />
   <keyValuePair key="lut6" value="99" description="" />
   <keyValuePair key="mmcme2_adv" value="1" description="" />
   <keyValuePair key="obuf" value="16" description="" />
   <keyValuePair key="vcc" value="15" description="" />
  </section>
 </section>
 <section name="vivado_usage" level="1" order="9" description="">
  <section name="gui_handlers" level="2" order="1" description="">
   <keyValuePair key="abstractcombinedpanel_add_element" value="1" description="" />
   <keyValuePair key="abstractfileview_reload" value="3" description="" />
   <keyValuePair key="addsrcwizard_specify_or_create_constraint_files" value="1" description="" />
   <keyValuePair key="applyrsbmultiautomationdialog_checkbox_tree" value="7" description="" />
   <keyValuePair key="basedialog_cancel" value="79" description="" />
   <keyValuePair key="basedialog_no" value="3" description="" />
   <keyValuePair key="basedialog_ok" value="390" description="" />
   <keyValuePair key="basedialog_yes" value="3" description="" />
   <keyValuePair key="boardinterfaceconnectiondialog_tree_table" value="14" description="" />
   <keyValuePair key="boardtreepanel_board_tree_panel" value="15" description="" />
   <keyValuePair key="cfgmempartchooser_table" value="2" description="" />
   <keyValuePair key="closeplanner_yes" value="1" description="" />
   <keyValuePair key="cmdmsgdialog_messages" value="2" description="" />
   <keyValuePair key="cmdmsgdialog_ok" value="36" description="" />
   <keyValuePair key="commandsinput_type_tcl_command_here" value="5" description="" />
   <keyValuePair key="configurebitstreamdialog_toc_list" value="4" description="" />
   <keyValuePair key="confirmsavetexteditsdialog_no" value="1" description="" />
   <keyValuePair key="constraintschooserpanel_add_files" value="1" description="" />
   <keyValuePair key="coretreetablepanel_core_tree_table" value="6" description="" />
   <keyValuePair key="createnewdiagramdialog_design_name" value="2" description="" />
   <keyValuePair key="creatersbportdialog_direction" value="2" description="" />
   <keyValuePair key="creatersbportdialog_port_name" value="4" description="" />
   <keyValuePair key="createsrcfiledialog_file_name" value="13" description="" />
   <keyValuePair key="definemodulesdialog_define_modules_and_specify_io_ports" value="41" description="" />
   <keyValuePair key="delayvalueschooser_apply" value="2" description="" />
   <keyValuePair key="expruntreepanel_exp_run_tree_table" value="2" description="" />
   <keyValuePair key="filesetpanel_file_set_panel_tree" value="366" description="" />
   <keyValuePair key="findandreplacealldialog_close" value="1" description="" />
   <keyValuePair key="findandreplacealldialog_find" value="1" description="" />
   <keyValuePair key="findinfilesview_root" value="4" description="" />
   <keyValuePair key="flownavigatortreepanel_flow_navigator_tree" value="378" description="" />
   <keyValuePair key="flownavigatortreepanel_reset_synthesis_run" value="1" description="" />
   <keyValuePair key="hcodeeditor_close" value="2" description="" />
   <keyValuePair key="hcodeeditor_search_text_combo_box" value="2" description="" />
   <keyValuePair key="hjfilechooserrecentlistpreview_recent_directories" value="8" description="" />
   <keyValuePair key="ictelementsummarysectionpanel_setup" value="3" description="" />
   <keyValuePair key="inputoutputtablepanel_table" value="7" description="" />
   <keyValuePair key="instancemenu_floorplanning" value="1" description="" />
   <keyValuePair key="instancetablepanel_instance_table" value="5" description="" />
   <keyValuePair key="launchpanel_generate_scripts_only" value="1" description="" />
   <keyValuePair key="launchpanel_launch_directory" value="2" description="" />
   <keyValuePair key="launchpanel_launch_runs_on_local_host" value="1" description="" />
   <keyValuePair key="mainmenumgr_checkpoint" value="4" description="" />
   <keyValuePair key="mainmenumgr_constraints" value="2" description="" />
   <keyValuePair key="mainmenumgr_edit" value="10" description="" />
   <keyValuePair key="mainmenumgr_export" value="4" description="" />
   <keyValuePair key="mainmenumgr_file" value="12" description="" />
   <keyValuePair key="mainmenumgr_floorplanning" value="2" description="" />
   <keyValuePair key="mainmenumgr_flow" value="12" description="" />
   <keyValuePair key="mainmenumgr_help" value="4" description="" />
   <keyValuePair key="mainmenumgr_import" value="2" description="" />
   <keyValuePair key="mainmenumgr_io_planning" value="4" description="" />
   <keyValuePair key="mainmenumgr_ip" value="3" description="" />
   <keyValuePair key="mainmenumgr_open_block_design" value="2" description="" />
   <keyValuePair key="mainmenumgr_project" value="6" description="" />
   <keyValuePair key="mainmenumgr_reports" value="15" description="" />
   <keyValuePair key="mainmenumgr_settings" value="1" description="" />
   <keyValuePair key="mainmenumgr_text_editor" value="4" description="" />
   <keyValuePair key="mainmenumgr_timing" value="3" description="" />
   <keyValuePair key="mainmenumgr_tools" value="31" description="" />
   <keyValuePair key="mainmenumgr_view" value="12" description="" />
   <keyValuePair key="mainmenumgr_window" value="10" description="" />
   <keyValuePair key="maintoolbarmgr_run" value="3" description="" />
   <keyValuePair key="mainwinmenumgr_layout" value="14" description="" />
   <keyValuePair key="mainwintoolbarmgr_select_or_save_window_layout" value="4" description="" />
   <keyValuePair key="msgtreepanel_message_severity" value="1" description="" />
   <keyValuePair key="msgtreepanel_message_view_tree" value="30" description="" />
   <keyValuePair key="msgview_clear_messages_resulting_from_user_executed" value="2" description="" />
   <keyValuePair key="msgview_warning_messages" value="2" description="" />
   <keyValuePair key="navigabletimingreporttab_timing_report_navigation_tree" value="9" description="" />
   <keyValuePair key="netlistschematicview_show_cells_in_this_schematic" value="7" description="" />
   <keyValuePair key="netlistschematicview_show_io_ports_in_this_schematic" value="1" description="" />
   <keyValuePair key="netlistschematicview_show_nets_in_this_schematic" value="1" description="" />
   <keyValuePair key="netlisttreeview_netlist_tree" value="7" description="" />
   <keyValuePair key="pacodeeditor_find_usages" value="1" description="" />
   <keyValuePair key="pacodeeditor_replace_in_files" value="3" description="" />
   <keyValuePair key="pacommandnames_add_sources" value="14" description="" />
   <keyValuePair key="pacommandnames_auto_connect_target" value="12" description="" />
   <keyValuePair key="pacommandnames_auto_update_hier" value="9" description="" />
   <keyValuePair key="pacommandnames_config_bitstream" value="1" description="" />
   <keyValuePair key="pacommandnames_create_hardware_dashboards" value="1" description="" />
   <keyValuePair key="pacommandnames_customize_core" value="1" description="" />
   <keyValuePair key="pacommandnames_goto_implemented_design" value="1" description="" />
   <keyValuePair key="pacommandnames_goto_netlist_design" value="2" description="" />
   <keyValuePair key="pacommandnames_ip_packager_wizard" value="1" description="" />
   <keyValuePair key="pacommandnames_open_hardware_manager" value="1" description="" />
   <keyValuePair key="pacommandnames_open_hierarchy_block" value="1" description="" />
   <keyValuePair key="pacommandnames_open_recent_target" value="4" description="" />
   <keyValuePair key="pacommandnames_pin_rsb_on_canvas" value="1" description="" />
   <keyValuePair key="pacommandnames_reload_rtl_design" value="1" description="" />
   <keyValuePair key="pacommandnames_replace_in_files" value="1" description="" />
   <keyValuePair key="pacommandnames_reports_window" value="1" description="" />
   <keyValuePair key="pacommandnames_run_bitgen" value="41" description="" />
   <keyValuePair key="pacommandnames_run_implementation" value="8" description="" />
   <keyValuePair key="pacommandnames_run_synthesis" value="2" description="" />
   <keyValuePair key="pacommandnames_save_design" value="1" description="" />
   <keyValuePair key="pacommandnames_save_rsb_design" value="1" description="" />
   <keyValuePair key="pacommandnames_select_area" value="1" description="" />
   <keyValuePair key="pacommandnames_set_as_top" value="2" description="" />
   <keyValuePair key="pacommandnames_show_license_status" value="1" description="" />
   <keyValuePair key="pacommandnames_simulation_run" value="1" description="" />
   <keyValuePair key="pacommandnames_simulation_run_behavioral" value="1" description="" />
   <keyValuePair key="pacommandnames_unpin_rsb_on_canvas" value="1" description="" />
   <keyValuePair key="pacommandnames_write_config_memory_file" value="1" description="" />
   <keyValuePair key="pacommandnames_zoom_fit" value="1" description="" />
   <keyValuePair key="paviews_code" value="10" description="" />
   <keyValuePair key="paviews_device" value="5" description="" />
   <keyValuePair key="paviews_ip_catalog" value="2" description="" />
   <keyValuePair key="paviews_package" value="2" description="" />
   <keyValuePair key="paviews_project_summary" value="42" description="" />
   <keyValuePair key="paviews_schematic" value="29" description="" />
   <keyValuePair key="paviews_system" value="3" description="" />
   <keyValuePair key="paviews_tcl_object_view" value="3" description="" />
   <keyValuePair key="primitivesmenu_highlight_leaf_cells" value="1" description="" />
   <keyValuePair key="programcfgmemdialog_contents_of_configuration_file" value="2" description="" />
   <keyValuePair key="programcfgmemdialog_specify_prm_file" value="1" description="" />
   <keyValuePair key="programcfgmemdialog_verify_checksum" value="1" description="" />
   <keyValuePair key="programdebugtab_open_recently_opened_target" value="7" description="" />
   <keyValuePair key="programdebugtab_program_device" value="1" description="" />
   <keyValuePair key="programfpgadialog_program" value="58" description="" />
   <keyValuePair key="programfpgadialog_specify_bitstream_file" value="9" description="" />
   <keyValuePair key="progressdialog_cancel" value="1" description="" />
   <keyValuePair key="projectsummaryutilizationpanel_project_summary_utilization_panel_tabbed" value="2" description="" />
   <keyValuePair key="projecttab_reload" value="8" description="" />
   <keyValuePair key="rdicommands_copy" value="2" description="" />
   <keyValuePair key="rdicommands_custom_commands" value="3" description="" />
   <keyValuePair key="rdicommands_delete" value="3" description="" />
   <keyValuePair key="rdicommands_find" value="1" description="" />
   <keyValuePair key="rdicommands_line_comment" value="3" description="" />
   <keyValuePair key="rdicommands_paste" value="2" description="" />
   <keyValuePair key="rdicommands_properties" value="10" description="" />
   <keyValuePair key="rdicommands_save_file" value="48" description="" />
   <keyValuePair key="rdicommands_settings" value="1" description="" />
   <keyValuePair key="removesourcesdialog_also_delete" value="1" description="" />
   <keyValuePair key="reportutiltab_report_utilization_navigation_tree" value="1" description="" />
   <keyValuePair key="rsbapplyautomationbar_run_connection_automation" value="1" description="" />
   <keyValuePair key="rsbexternalportproppanels_name" value="1" description="" />
   <keyValuePair key="rungadget_show_error_and_critical_warning_messages" value="1" description="" />
   <keyValuePair key="saveprojectutils_save" value="33" description="" />
   <keyValuePair key="schematicview_next" value="1" description="" />
   <keyValuePair key="schematicview_previous" value="9" description="" />
   <keyValuePair key="schematicview_regenerate" value="12" description="" />
   <keyValuePair key="selectmenu_highlight" value="6" description="" />
   <keyValuePair key="settingsdialog_project_tree" value="4" description="" />
   <keyValuePair key="signaltreepanel_signal_tree_panel" value="18" description="" />
   <keyValuePair key="signaltreepanel_signal_tree_table" value="13" description="" />
   <keyValuePair key="simpleoutputproductdialog_close_dialog_unsaved_changes_will" value="1" description="" />
   <keyValuePair key="simpleoutputproductdialog_generate_output_products_immediately" value="3" description="" />
   <keyValuePair key="srcchooserpanel_add_hdl_and_netlist_files_to_your_project" value="4" description="" />
   <keyValuePair key="srcchooserpanel_create_file" value="10" description="" />
   <keyValuePair key="srcchoosertable_src_chooser_table" value="1" description="" />
   <keyValuePair key="srcmenu_ip_hierarchy" value="10" description="" />
   <keyValuePair key="srcmenu_open_selected_source_files" value="3" description="" />
   <keyValuePair key="stalerundialog_open_design" value="1" description="" />
   <keyValuePair key="statemonitor_reset_run" value="1" description="" />
   <keyValuePair key="syntheticagettingstartedview_recent_projects" value="14" description="" />
   <keyValuePair key="syntheticastatemonitor_cancel" value="2" description="" />
   <keyValuePair key="systemboardview_connect_board_component" value="1" description="" />
   <keyValuePair key="systembuildermenu_create_port" value="3" description="" />
   <keyValuePair key="systembuildermenu_ip_documentation" value="2" description="" />
   <keyValuePair key="systembuilderview_add_ip" value="1" description="" />
   <keyValuePair key="systembuilderview_orientation" value="2" description="" />
   <keyValuePair key="systembuilderview_pinning" value="7" description="" />
   <keyValuePair key="systemtreeview_system_tree" value="66" description="" />
   <keyValuePair key="taskbanner_close" value="2" description="" />
   <keyValuePair key="tclconsoleview_tcl_console_code_editor" value="17" description="" />
   <keyValuePair key="tclobjecttreetable_treetable" value="13" description="" />
   <keyValuePair key="timingitemflattablepanel_table" value="48" description="" />
   <keyValuePair key="touchpointsurveydialog_no" value="1" description="" />
   <keyValuePair key="utilizationhierviewtreetablepanel_table(hierarchy)" value="1" description="" />
   <keyValuePair key="viotreetablepanel_copy_drc_information" value="1" description="" />
   <keyValuePair key="viotreetablepanel_vio_tree_table" value="2" description="" />
   <keyValuePair key="writecfgmemfiledialog_format" value="1" description="" />
   <keyValuePair key="writecfgmemfiledialog_interface" value="1" description="" />
   <keyValuePair key="writecfgmemfiledialog_load_bitstream_files" value="1" description="" />
   <keyValuePair key="writecfgmemfiledialog_memory_part" value="1" description="" />
   <keyValuePair key="writecfgmemfiledialog_overwrite" value="1" description="" />
   <keyValuePair key="writecfgmemfiledialog_part_chooser" value="1" description="" />
   <keyValuePair key="writecfgmemfiledialog_specify_bitfile_filename" value="1" description="" />
   <keyValuePair key="writecfgmemfiledialog_specify_configuration_filename" value="1" description="" />
   <keyValuePair key="writecfgmemfiledialog_write_checksum" value="1" description="" />
   <keyValuePair key="xpg_tabbedpane_tabbed_pane" value="1" description="" />
   <keyValuePair key="xpg_textfield_value_of_specified_parameter" value="3" description="" />
   <keyValuePair key="xpg_textfield_value_of_specified_parameter_manual" value="3" description="" />
   <keyValuePair key="xpowersettingsdialog_save_these_settings_and_run" value="3" description="" />
  </section>
  <section name="java_command_handlers" level="2" order="2" description="">
   <keyValuePair key="addcfgmem" value="2" description="" />
   <keyValuePair key="addsources" value="15" description="" />
   <keyValuePair key="autoconnecttarget" value="12" description="" />
   <keyValuePair key="configurebitstream" value="1" description="" />
   <keyValuePair key="coreview" value="3" description="" />
   <keyValuePair key="createblockdesign" value="3" description="" />
   <keyValuePair key="createhardwaredashboards" value="1" description="" />
   <keyValuePair key="customizecore" value="1" description="" />
   <keyValuePair key="customizersbblock" value="10" description="" />
   <keyValuePair key="editdelete" value="5" description="" />
   <keyValuePair key="editproperties" value="11" description="" />
   <keyValuePair key="exitapp" value="14" description="" />
   <keyValuePair key="fliptoviewtaskimplementation" value="1" description="" />
   <keyValuePair key="fliptoviewtasksynthesis" value="3" description="" />
   <keyValuePair key="ippackagerwizardhandler" value="1" description="" />
   <keyValuePair key="launchprogramfpga" value="56" description="" />
   <keyValuePair key="managecompositetargets" value="4" description="" />
   <keyValuePair key="openblockdesign" value="7" description="" />
   <keyValuePair key="openhardwaremanager" value="73" description="" />
   <keyValuePair key="openrecenttarget" value="18" description="" />
   <keyValuePair key="openrsbhierarchyblock" value="1" description="" />
   <keyValuePair key="pinrsbincanvas" value="1" description="" />
   <keyValuePair key="programcfgmem" value="1" description="" />
   <keyValuePair key="programdevice" value="55" description="" />
   <keyValuePair key="recustomizecore" value="9" description="" />
   <keyValuePair key="reloaddesign" value="1" description="" />
   <keyValuePair key="reporttimingsummary" value="3" description="" />
   <keyValuePair key="reportutilization" value="4" description="" />
   <keyValuePair key="resetlayout" value="2" description="" />
   <keyValuePair key="runbitgen" value="49" description="" />
   <keyValuePair key="runimplementation" value="53" description="" />
   <keyValuePair key="runpowerestimation" value="3" description="" />
   <keyValuePair key="runschematic" value="44" description="" />
   <keyValuePair key="runsynthesis" value="80" description="" />
   <keyValuePair key="savedesign" value="1" description="" />
   <keyValuePair key="savefileproxyhandler" value="3" description="" />
   <keyValuePair key="saversbdesign" value="2" description="" />
   <keyValuePair key="settopnode" value="2" description="" />
   <keyValuePair key="showpowerestimation" value="3" description="" />
   <keyValuePair key="showview" value="12" description="" />
   <keyValuePair key="simulationrun" value="1" description="" />
   <keyValuePair key="tclfind" value="1" description="" />
   <keyValuePair key="timingconstraintswizard" value="2" description="" />
   <keyValuePair key="toggleselectareamode" value="1" description="" />
   <keyValuePair key="toolssettings" value="1" description="" />
   <keyValuePair key="ui.views.c.h.e" value="4" description="" />
   <keyValuePair key="unpinrsbincanvas" value="1" description="" />
   <keyValuePair key="viewlayoutcmd" value="4" description="" />
   <keyValuePair key="viewtaskimplementation" value="4" description="" />
   <keyValuePair key="viewtaskprojectmanager" value="17" description="" />
   <keyValuePair key="viewtaskrtlanalysis" value="7" description="" />
   <keyValuePair key="viewtasksynthesis" value="16" description="" />
   <keyValuePair key="writecfgmemfile" value="1" description="" />
   <keyValuePair key="zoomfit" value="1" description="" />
  </section>
  <section name="other_data" level="2" order="3" description="">
   <keyValuePair key="guimode" value="15" description="" />
  </section>
  <section name="project_data" level="2" order="4" description="">
   <keyValuePair key="constraintsetcount" value="1" description="" />
   <keyValuePair key="core_container" value="false" description="" />
   <keyValuePair key="currentimplrun" value="impl_1" description="" />
   <keyValuePair key="currentsynthesisrun" value="synth_1" description="" />
   <keyValuePair key="default_library" value="xil_defaultlib" description="" />
   <keyValuePair key="designmode" value="RTL" description="" />
   <keyValuePair key="export_simulation_activehdl" value="4" description="" />
   <keyValuePair key="export_simulation_ies" value="4" description="" />
   <keyValuePair key="export_simulation_modelsim" value="4" description="" />
   <keyValuePair key="export_simulation_questa" value="4" description="" />
   <keyValuePair key="export_simulation_riviera" value="4" description="" />
   <keyValuePair key="export_simulation_vcs" value="4" description="" />
   <keyValuePair key="export_simulation_xsim" value="4" description="" />
   <keyValuePair key="implstrategy" value="Vivado Implementation Defaults" description="" />
   <keyValuePair key="launch_simulation_activehdl" value="0" description="" />
   <keyValuePair key="launch_simulation_ies" value="0" description="" />
   <keyValuePair key="launch_simulation_modelsim" value="0" description="" />
   <keyValuePair key="launch_simulation_questa" value="0" description="" />
   <keyValuePair key="launch_simulation_riviera" value="0" description="" />
   <keyValuePair key="launch_simulation_vcs" value="0" description="" />
   <keyValuePair key="launch_simulation_xsim" value="1" description="" />
   <keyValuePair key="simulator_language" value="Mixed" description="" />
   <keyValuePair key="srcsetcount" value="16" description="" />
   <keyValuePair key="synthesisstrategy" value="Vivado Synthesis Defaults" description="" />
   <keyValuePair key="target_language" value="Verilog" description="" />
   <keyValuePair key="target_simulator" value="XSim" description="" />
   <keyValuePair key="totalimplruns" value="3" description="" />
   <keyValuePair key="totalsynthesisruns" value="3" description="" />
  </section>
 </section>
 <section name="xsim" level="1" order="10" description="">
  <section name="command_line_options" level="2" order="1" description="">
   <keyValuePair key="-sim_mode" value="default::behavioral" description="" />
   <keyValuePair key="-sim_type" value="default::" description="" />
  </section>
 </section>
</section>
</webTalkData>
