<?xml version="1.0"?>
<Runs Version="1" Minor="0">
	<Run Id="Clock_Config_clk_wiz_0_0_synth_1" LaunchDir="C:/Users/dominick/Vivado/piezo_testplatform_1.0/piezo_testplatform_1.0.runs/Clock_Config_clk_wiz_0_0_synth_1" FlowId="Vivado_Synthesis" FromStepId="vivado" ToStepId="vivado"/>
	<Run Id="synth_1" LaunchDir="C:/Users/dominick/Vivado/piezo_testplatform_1.0/piezo_testplatform_1.0.runs/synth_1" FlowId="Vivado_Synthesis" FromStepId="vivado" ToStepId="vivado">
		<Parent Id="Clock_Config_clk_wiz_0_0_synth_1"/>
	</Run>
	<Parameters>
		<Parameter Name="runs.monitorLSFJobs" Val="true" Type="bool"/>
		<Parameter Name="runs.enableClusterConf" Val="true" Type="bool"/>
	</Parameters>
</Runs>

